{
  "Sistem Manajemen Cafe": {
    "no": {
      "rouge1": {
        "P": 0.7164634146341463,
        "R": 0.03970265247508025,
        "F1": 0.07523611333440053
      },
      "rouge2": {
        "P": 0.08868501529051988,
        "R": 0.004900304156809733,
        "F1": 0.009287429943955164
      },
      "rougeL": {
        "P": 0.36585365853658536,
        "R": 0.02027369488089204,
        "F1": 0.038418440851608775
      }
    },
    "rag": {
      "rouge1": {
        "P": 0.8364779874213837,
        "R": 0.044940023652644025,
        "F1": 0.08529741863075196
      },
      "rouge2": {
        "P": 0.36908517350157727,
        "R": 0.019770192632646164,
        "F1": 0.03753007217321572
      },
      "rougeL": {
        "P": 0.5723270440251572,
        "R": 0.030748437236019596,
        "F1": 0.058361391694725026
      }
    },
    "ref_len": 42306,
    "no_len": 2588,
    "rag_len": 2520,
    "t_no": 1.9,
    "t_rag": 1.3
  },
  "Sistem Koperasi": {
    "no": {
      "rouge1": {
        "P": 0.6109215017064846,
        "R": 0.03462282398452611,
        "F1": 0.06553175910671792
      },
      "rouge2": {
        "P": 0.0958904109589041,
        "R": 0.005416908492938673,
        "F1": 0.01025453213697125
      },
      "rougeL": {
        "P": 0.3447098976109215,
        "R": 0.0195357833655706,
        "F1": 0.03697602050155592
      }
    },
    "rag": {
      "rouge1": {
        "P": 0.7198581560283688,
        "R": 0.03926499032882012,
        "F1": 0.07446808510638298
      },
      "rouge2": {
        "P": 0.19572953736654805,
        "R": 0.010640355968272393,
        "F1": 0.020183486238532108
      },
      "rougeL": {
        "P": 0.44680851063829785,
        "R": 0.02437137330754352,
        "F1": 0.04622157006603081
      }
    },
    "ref_len": 37575,
    "no_len": 2293,
    "rag_len": 2277,
    "t_no": 1.0,
    "t_rag": 5.1
  },
  "Sistem Inventaris Gudang": {
    "no": {
      "rouge1": {
        "P": 0.7589285714285714,
        "R": 0.05723905723905724,
        "F1": 0.10644959298685035
      },
      "rouge2": {
        "P": 0.22388059701492538,
        "R": 0.016838796587337224,
        "F1": 0.031321779077051574
      },
      "rougeL": {
        "P": 0.41964285714285715,
        "R": 0.03164983164983165,
        "F1": 0.058860363180964305
      }
    },
    "rag": {
      "rouge1": {
        "P": 0.8607594936708861,
        "R": 0.06105499438832772,
        "F1": 0.11402221756445188
      },
      "rouge2": {
        "P": 0.4031746031746032,
        "R": 0.0285136955545577,
        "F1": 0.053260641643950515
      },
      "rougeL": {
        "P": 0.5031645569620253,
        "R": 0.03569023569023569,
        "F1": 0.06665269335569063
      }
    },
    "ref_len": 33129,
    "no_len": 2642,
    "rag_len": 2619,
    "t_no": 5.2,
    "t_rag": 14.4
  },
  "Sistem Absensi Mahasiswa": {
    "no": {
      "rouge1": {
        "P": 0.7078651685393258,
        "R": 0.05003971405877681,
        "F1": 0.09347181008902077
      },
      "rouge2": {
        "P": 0.2619718309859155,
        "R": 0.018470705064548162,
        "F1": 0.03450834879406307
      },
      "rougeL": {
        "P": 0.4101123595505618,
        "R": 0.028991262907069104,
        "F1": 0.05415430267062315
      }
    },
    "rag": {
      "rouge1": {
        "P": 0.7704918032786885,
        "R": 0.04666401906274821,
        "F1": 0.08799850215315483
      },
      "rouge2": {
        "P": 0.3125,
        "R": 0.018867924528301886,
        "F1": 0.03558718861209964
      },
      "rougeL": {
        "P": 0.4918032786885246,
        "R": 0.029785544082605243,
        "F1": 0.05616925669350309
      }
    },
    "ref_len": 38485,
    "no_len": 2911,
    "rag_len": 2412,
    "t_no": 8.6,
    "t_rag": 13.6
  },
  "Sistem Manajemen Kelompok": {
    "no": {
      "rouge1": {
        "P": 0.7346368715083799,
        "R": 0.05087040618955513,
        "F1": 0.09515195369030391
      },
      "rouge2": {
        "P": 0.21568627450980393,
        "R": 0.01489649835558135,
        "F1": 0.027868259138617443
      },
      "rougeL": {
        "P": 0.40782122905027934,
        "R": 0.028239845261121856,
        "F1": 0.052821997105643996
      }
    },
    "rag": {
      "rouge1": {
        "P": 0.9283489096573209,
        "R": 0.057640232108317216,
        "F1": 0.10854124931706428
      },
      "rouge2": {
        "P": 0.525,
        "R": 0.03250145095763204,
        "F1": 0.061213335762433964
      },
      "rougeL": {
        "P": 0.6417445482866043,
        "R": 0.039845261121856865,
        "F1": 0.07503187033327263
      }
    },
    "ref_len": 37575,
    "no_len": 2888,
    "rag_len": 2594,
    "t_no": 5.3,
    "t_rag": 14.3
  },
  "Sistem Peminjaman Alat Camping": {
    "no": {
      "rouge1": {
        "P": 0.7901234567901234,
        "R": 0.04277360066833751,
        "F1": 0.08115390711681725
      },
      "rouge2": {
        "P": 0.20123839009287925,
        "R": 0.010862299465240642,
        "F1": 0.020612018392262565
      },
      "rougeL": {
        "P": 0.4351851851851852,
        "R": 0.02355889724310777,
        "F1": 0.044698050404184494
      }
    },
    "rag": {
      "rouge1": {
        "P": 0.8394160583941606,
        "R": 0.03842940685045948,
        "F1": 0.07349416839750758
      },
      "rouge2": {
        "P": 0.4175824175824176,
        "R": 0.019050802139037433,
        "F1": 0.03643918810931756
      },
      "rougeL": {
        "P": 0.48175182481751827,
        "R": 0.02205513784461153,
        "F1": 0.0421792618629174
      }
    },
    "ref_len": 43132,
    "no_len": 2611,
    "rag_len": 2351,
    "t_no": 6.3,
    "t_rag": 16.3
  },
  "Product Requirement Document": {
    "no": {
      "rouge1": {
        "P": 0.5132450331125827,
        "R": 0.06119226213975523,
        "F1": 0.10934744268077601
      },
      "rouge2": {
        "P": 0.05647840531561462,
        "R": 0.006714060031595577,
        "F1": 0.01200141193081539
      },
      "rougeL": {
        "P": 0.2582781456953642,
        "R": 0.030793525463876825,
        "F1": 0.05502645502645503
      }
    },
    "rag": {
      "rouge1": {
        "P": 0.762589928057554,
        "R": 0.08369522305566522,
        "F1": 0.15083600142298115
      },
      "rouge2": {
        "P": 0.1588447653429603,
        "R": 0.017377567140600316,
        "F1": 0.03132787468850125
      },
      "rougeL": {
        "P": 0.381294964028777,
        "R": 0.04184761152783261,
        "F1": 0.07541800071149057
      }
    },
    "ref_len": 18500,
    "no_len": 2504,
    "rag_len": 2416,
    "t_no": 6.2,
    "t_rag": 16.4
  }
}