{
  "Sistem Manajemen Cafe": {
    "no": {
      "rouge1": {
        "P": 0.736231884057971,
        "R": 0.04291265416455482,
        "F1": 0.08109833971902938
      },
      "rouge2": {
        "P": 0.1511627906976744,
        "R": 0.008786752281176074,
        "F1": 0.016608112424145643
      },
      "rougeL": {
        "P": 0.40869565217391307,
        "R": 0.02382159148504815,
        "F1": 0.045019157088122604
      }
    },
    "rag": {
      "rouge1": {
        "P": 0.8247126436781609,
        "R": 0.048487920256800134,
        "F1": 0.09159087282591352
      },
      "rouge2": {
        "P": 0.37175792507204614,
        "R": 0.02179790469753295,
        "F1": 0.041181165203511574
      },
      "rougeL": {
        "P": 0.46551724137931033,
        "R": 0.027369488089204256,
        "F1": 0.051699377692675914
      }
    },
    "ref_len": 42304,
    "no_len": 2834,
    "rag_len": 2798,
    "t_no": 43.6,
    "t_rag": 77.4
  },
  "Sistem Koperasi": {
    "no": {
      "rouge1": {
        "P": 0.696969696969697,
        "R": 0.04448742746615087,
        "F1": 0.08363636363636363
      },
      "rouge2": {
        "P": 0.20364741641337386,
        "R": 0.012961888179531825,
        "F1": 0.024372499090578394
      },
      "rougeL": {
        "P": 0.4090909090909091,
        "R": 0.02611218568665377,
        "F1": 0.04909090909090909
      }
    },
    "rag": {
      "rouge1": {
        "P": 0.656441717791411,
        "R": 0.0413926499032882,
        "F1": 0.07787481804949054
      },
      "rouge2": {
        "P": 0.1476923076923077,
        "R": 0.009286128845037725,
        "F1": 0.017473607571896616
      },
      "rougeL": {
        "P": 0.34355828220858897,
        "R": 0.021663442940038684,
        "F1": 0.04075691411935953
      }
    },
    "ref_len": 37567,
    "no_len": 2804,
    "rag_len": 2720,
    "t_no": 49.9,
    "t_rag": 85.8
  },
  "Sistem Inventaris Gudang": {
    "no": {
      "rouge1": {
        "P": 0.7573099415204678,
        "R": 0.05813692480359147,
        "F1": 0.10798415676464458
      },
      "rouge2": {
        "P": 0.19941348973607037,
        "R": 0.015267175572519083,
        "F1": 0.028362877997914496
      },
      "rougeL": {
        "P": 0.3654970760233918,
        "R": 0.028058361391694726,
        "F1": 0.05211590577444236
      }
    },
    "rag": {
      "rouge1": {
        "P": 0.7349397590361446,
        "R": 0.054769921436588105,
        "F1": 0.10194276164612492
      },
      "rouge2": {
        "P": 0.2628398791540785,
        "R": 0.01953300404131118,
        "F1": 0.036363636363636355
      },
      "rougeL": {
        "P": 0.3825301204819277,
        "R": 0.02850729517396184,
        "F1": 0.053060371840401084
      }
    },
    "ref_len": 33129,
    "no_len": 2675,
    "rag_len": 2719,
    "t_no": 59.3,
    "t_rag": 95.6
  }
}